{
  "wav": {
    "n_beats_detected": 43,
    "n_truth": 40,
    "n_matched_absolute": 36,
    "median_abs_offset_ms": 14.375000000000027,
    "max_abs_offset_ms": 26.24999999999922,
    "n_matched_vs_wav": null,
    "max_abs_diff_vs_wav_ms": 0.0
  },
  "mp3": {
    "n_beats_detected": 43,
    "n_truth": 40,
    "n_matched_absolute": 36,
    "median_abs_offset_ms": 13.749999999999929,
    "max_abs_offset_ms": 25.000000000000355,
    "n_matched_vs_wav": 43,
    "max_abs_diff_vs_wav_ms": 19.999999999999574
  },
  "aac": {
    "n_beats_detected": 43,
    "n_truth": 40,
    "n_matched_absolute": 36,
    "median_abs_offset_ms": 13.749999999999929,
    "max_abs_offset_ms": 25.000000000000355,
    "n_matched_vs_wav": 43,
    "max_abs_diff_vs_wav_ms": 19.999999999999574
  }
}