{
  "generated_at": "2026-07-17T13:37:33.773840+00:00",
  "phase": "P4 \u00a70 \u2014 BUG-235 calibration (prerequisite, not tuning)",
  "note": "Scope: this recalibrates the RAW ADTOF baseline path (eval/full_pack_baseline.py::run_baseline_adtof_drums), which is what BUG-235 diagnosed. It does NOT touch the separate onset_compensation_seconds knob in the full analyze_percussion pipeline (percussion_settings.rs / D14's Rust-side mechanism) -- that is a different seam for a different (decode/format) offset.",
  "rows": [
    {
      "id": "apricots_128bpm",
      "n_pred": 14,
      "n_truth": 16,
      "calibration_offset_sec": -0.125,
      "uncalibrated": {
        "precision": 0.07142857142857142,
        "recall": 0.0625,
        "f1": 0.06666666666666667,
        "tp": 1,
        "fp": 13,
        "fn": 15
      },
      "calibrated": {
        "precision": 0.7142857142857143,
        "recall": 0.625,
        "f1": 0.6666666666666666,
        "tp": 8,
        "fp": 6,
        "fn": 8
      }
    },
    {
      "id": "bad_guy_128bpm",
      "n_pred": 23,
      "n_truth": 17,
      "calibration_offset_sec": -0.024999999999999745,
      "uncalibrated": {
        "precision": 0.6521739130434783,
        "recall": 0.8823529411764706,
        "f1": 0.75,
        "tp": 15,
        "fp": 8,
        "fn": 2
      },
      "calibrated": {
        "precision": 0.6521739130434783,
        "recall": 0.8823529411764706,
        "f1": 0.75,
        "tp": 15,
        "fp": 8,
        "fn": 2
      }
    },
    {
      "id": "feel_the_vibration_174bpm",
      "n_pred": 15,
      "n_truth": 16,
      "calibration_offset_sec": -0.09999999999999964,
      "uncalibrated": {
        "precision": 0.0,
        "recall": 0.0,
        "f1": 0.0,
        "tp": 0,
        "fp": 15,
        "fn": 16
      },
      "calibrated": {
        "precision": 1.0,
        "recall": 0.9375,
        "f1": 0.967741935483871,
        "tp": 15,
        "fp": 0,
        "fn": 1
      }
    },
    {
      "id": "inhale_exhale_145bpm",
      "n_pred": 18,
      "n_truth": 14,
      "calibration_offset_sec": -0.0600000000000005,
      "uncalibrated": {
        "precision": 0.2222222222222222,
        "recall": 0.2857142857142857,
        "f1": 0.25,
        "tp": 4,
        "fp": 14,
        "fn": 10
      },
      "calibrated": {
        "precision": 0.6666666666666666,
        "recall": 0.8571428571428571,
        "f1": 0.75,
        "tp": 12,
        "fp": 6,
        "fn": 2
      }
    },
    {
      "id": "tears_140bpm",
      "n_pred": 22,
      "n_truth": 10,
      "calibration_offset_sec": -0.0625,
      "uncalibrated": {
        "precision": 0.09090909090909091,
        "recall": 0.2,
        "f1": 0.12500000000000003,
        "tp": 2,
        "fp": 20,
        "fn": 8
      },
      "calibrated": {
        "precision": 0.4090909090909091,
        "recall": 0.9,
        "f1": 0.5625000000000001,
        "tp": 9,
        "fp": 13,
        "fn": 1
      }
    }
  ],
  "mean_uncalibrated_f1": 0.23833333333333334,
  "mean_calibrated_f1": 0.7393817204301075
}